CumCountryRank,CumCountryConsumption,CumStateRank,CumStateConsumption
0.005714286,1.84849E-05,0.019607843,0.01045047
0.011428571,4.39017E-05,0.039215686,0.02112095
0.017142857,9.47352E-05,0.058823529,0.031901436
0.022857143,0.000152346,0.078431373,0.042791926
0.028571429,0.000212422,0.098039216,0.054177438
0.034285714,0.000272733,0.117647059,0.065672955
0.04,0.000333734,0.137254902,0.077278478
0.045714286,0.00039535,0.156862745,0.088994005
0.051428571,0.000473095,0.176470588,0.101259557
0.057142857,0.000557818,0.196078431,0.114075133
0.062857143,0.000651954,0.215686275,0.126945713
0.068571429,0.000746767,0.235294118,0.139816292
0.074285714,0.000842272,0.254901961,0.153511908
0.08,0.000940762,0.274509804,0.167647544
0.085714286,0.00104778,0.294117647,0.182058193
0.091428571,0.00115869,0.31372549,0.196963863
0.097142857,0.001294614,0.333333333,0.211869534
0.102857143,0.001433251,0.352941176,0.227050217
0.108571429,0.001578489,0.37254902,0.242560915
0.114285714,0.001723978,0.392156863,0.258236621
0.12,0.001891676,0.411764706,0.274242341
0.125714286,0.002061121,0.431372549,0.290303064
0.131428571,0.002251747,0.450980392,0.306418789
0.137142857,0.002478803,0.470588235,0.323194544
0.142857143,0.002726381,0.490196078,0.340190309
0.148571429,0.002980549,0.509803922,0.357461086
0.154285714,0.003242192,0.529411765,0.374731863
0.16,0.003509737,0.549019608,0.39222265
0.165714286,0.003793942,0.568627451,0.410043452
0.171428571,0.004084419,0.588235294,0.427974259
0.177142857,0.00440061,0.607843137,0.446070073
0.182857143,0.004718319,0.62745098,0.464495902
0.188571429,0.005049893,0.647058824,0.483086739
0.194285714,0.005388783,0.666666667,0.502337605
0.2,0.005749536,0.68627451,0.523018536
0.205714286,0.006156204,0.705882353,0.544249491
0.211428571,0.006587519,0.725490196,0.565700457
0.217142857,0.00704281,0.745098039,0.587371432
0.222857143,0.007510151,0.764705882,0.609427424
0.228571429,0.008018486,0.784313725,0.631648424
0.234285714,0.008526821,0.803921569,0.654034432
0.24,0.009035156,0.823529412,0.677850503
0.245714286,0.009551963,0.843137255,0.702271602
0.251428571,0.010118952,0.862745098,0.727517738
0.257142857,0.010699906,0.882352941,0.752763874
0.262857143,0.011300938,0.901960784,0.779055057
0.268571429,0.011947249,0.921568627,0.806336285
0.274285714,0.012600823,0.941176471,0.85132831
0.28,0.013287521,0.960784314,0.898905451
0.285714286,0.013979346,0.980392157,0.94934272
0.291428571,0.014675374,1,1
0.297142857,0.015426984,,
0.302857143,0.016189486,,
0.308571429,0.017019767,,
0.314285714,0.017873267,,
0.32,0.018805215,,
0.325714286,0.019785459,,
0.331428571,0.020835463,,
0.337142857,0.021915675,,
0.342857143,0.0230949,,
0.348571429,0.02427519,,
0.354285714,0.02546766,,
0.36,0.026692747,,
0.365714286,0.02797619,,
0.371428571,0.029260404,,
0.377142857,0.030559483,,
0.382857143,0.032053988,,
0.388571429,0.033578993,,
0.394285714,0.035103998,,
0.4,0.036629003,,
0.405714286,0.038178214,,
0.411428571,0.03973499,,
0.417142857,0.041344134,,
0.422857143,0.04296531,,
0.428571429,0.044635554,,
0.434285714,0.046330004,,
0.44,0.04806625,,
0.445714286,0.049972507,,
0.451428571,0.051928491,,
0.457142857,0.053961831,,
0.462857143,0.056059869,,
0.468571429,0.058163324,,
0.474285714,0.060271674,,
0.48,0.062664759,,
0.485714286,0.065070878,,
0.491428571,0.067579757,,
0.497142857,0.070199377,,
0.502857143,0.07299522,,
0.508571429,0.075849716,,
0.514285714,0.078730281,,
0.52,0.081779778,,
0.525714286,0.084829788,,
0.531428571,0.087879798,,
0.537142857,0.090968911,,
0.542857143,0.094082463,,
0.548571429,0.097321943,,
0.554285714,0.100589811,,
0.56,0.103874685,,
0.565714286,0.10719746,,
0.571428571,0.110552917,,
0.577142857,0.114006988,,
0.582857143,0.11748491,,
0.588571429,0.121129281,,
0.594285714,0.124872476,,
0.6,0.128752161,,
0.605714286,0.132683285,,
0.611428571,0.136648298,,
0.617142857,0.140640223,,
0.622857143,0.144706903,,
0.628571429,0.148773583,,
0.634285714,0.152932692,,
0.64,0.157253539,,
0.645714286,0.161684526,,
0.651428571,0.166230493,,
0.657142857,0.170805509,,
0.662857143,0.175662419,,
0.668571429,0.180649597,,
0.674285714,0.185732947,,
0.68,0.190886413,,
0.685714286,0.19610193,,
0.691428571,0.201488943,,
0.697142857,0.206891317,,
0.702857143,0.212413368,,
0.708571429,0.218037213,,
0.714285714,0.223906172,,
0.72,0.229820041,,
0.725714286,0.235770949,,
0.731428571,0.24187621,,
0.737142857,0.247999564,,
0.742857143,0.254251003,,
0.748571429,0.260518047,,
0.754285714,0.266788642,,
0.76,0.273112851,,
0.765714286,0.279589256,,
0.771428571,0.286197611,,
0.777142857,0.292946363,,
0.782857143,0.299776537,,
0.788571429,0.30693944,,
0.794285714,0.314234047,,
0.8,0.322193673,,
0.805714286,0.330303111,,
0.811428571,0.338436471,,
0.817142857,0.346599051,,
0.822857143,0.354813996,,
0.828571429,0.363116801,,
0.834285714,0.371494944,,
0.84,0.379967194,,
0.845714286,0.388568223,,
0.851428571,0.397383496,,
0.857142857,0.406268619,,
0.862857143,0.416272652,,
0.868571429,0.426297491,,
0.874285714,0.436329372,,
0.88,0.447101453,,
0.885714286,0.458502682,,
0.891428571,0.470098475,,
0.897142857,0.481917264,,
0.902857143,0.493910618,,
0.908571429,0.506014972,,
0.914285714,0.519215508,,
0.92,0.532879553,,
0.925714286,0.548654557,,
0.931428571,0.565158501,,
0.937142857,0.582991284,,
0.942857143,0.602308015,,
0.948571429,0.621732902,,
0.954285714,0.6414563,,
0.96,0.662129089,,
0.965714286,0.685343055,,
0.971428571,0.715882258,,
0.977142857,0.751974044,,
0.982857143,0.790368289,,
0.988571429,0.832503613,,
0.994285714,0.882574612,,
1,1,,
